"Name","Email","Subject","Sender","Reply"
"Rosero, Gerald (Records)","GRosero@records.nyc.gov","(05/08/2025) - Updating email contact information for Council Members (D43)","GRosero@records.nyc.gov","Council Member Susan Zhuang official email is:

SZhuang@Council.NYC.GOV


Stanley Ng
Office Manager for D43 Council Member Susan Zhuang
6514-20th Avenue
Brooklyn, NY 11204
Phone:  718-307-7151"
"Rosero, Gerald (Records)","GRosero@records.nyc.gov","(05/08/2025) - Updating email contact information for Council Members (D43)","Rosero, Gerald (Records) <GRosero@records.nyc.gov>","From: Rosero, Gerald (Records) <GRosero@records.nyc.gov>
Sent: Thursday, May 8, 2025 2:06 PM
To: SusanZhuang43 <susanzhuang43@council.nyc.gov>
Subject: Updating email contact information for Council Members

Good Afternoon Council Member Zhuang
Our department is currently updating the contact information for council members. Can you please let us know if this is your council email, if not can you please provide our department with your official council email.
Thank You
Gerald Rosero


____________________________________________________________________
Gerald Rosero ï¿½ Special Assistant to the Commissioner
P: (212)788-8610
E-mail: grosero@records.nyc.gov<mailto:grosero@records.nyc.gov>
[EmailBanner]<http://nyc.gov/records>
Follow us on:
[Description: Description: cid:image002.gif@01D14FBE.8A15A570]<https://urldefense.com/v3/__http:/facebook.com/nycrecords__;!!Pe07lN5AjA!Wr1l9bSEHTj3uj3AJKWYtrL9PgIhBSdmMvuW3tcpaM__A1dCyFjczAu_P8OdyqPNm4Uyy-BrdjXpgK1N4sjgZqLG5iwc0vUJ1edd$> [Description: Description: cid:image007.png@01D33EB7.4EA6FC20] <https://urldefense.com/v3/__http:/twitter.com/nycrecords__;!!Pe07lN5AjA!Wr1l9bSEHTj3uj3AJKWYtrL9PgIhBSdmMvuW3tcpaM__A1dCyFjczAu_P8OdyqPNm4Uyy-BrdjXpgK1N4sjgZqLG5iwc0jgxybd2$>  [Description: Description: cid:image009.png@01D33EB7.4EA6FC20] <https://urldefense.com/v3/__http:/youtube.com/NYCDeptOfRecords__;!!Pe07lN5AjA!Wr1l9bSEHTj3uj3AJKWYtrL9PgIhBSdmMvuW3tcpaM__A1dCyFjczAu_P8OdyqPNm4Uyy-BrdjXpgK1N4sjgZqLG5iwc0rYVUnMH$>  [Description: Description: cid:image010.png@01D33EB7.4EA6FC20] <https://urldefense.com/v3/__http:/www.instagram.com/nycarchives__;!!Pe07lN5AjA!Wr1l9bSEHTj3uj3AJKWYtrL9PgIhBSdmMvuW3tcpaM__A1dCyFjczAu_P8OdyqPNm4Uyy-BrdjXpgK1N4sjgZqLG5iwc0qIi6wEF$>  [Description: Description: cid:image011.jpg@01D33EB7.4EA6FC20] <https://urldefense.com/v3/__http:/nycrecords.tumblr.com/__;!!Pe07lN5AjA!Wr1l9bSEHTj3uj3AJKWYtrL9PgIhBSdmMvuW3tcpaM__A1dCyFjczAu_P8OdyqPNm4Uyy-BrdjXpgK1N4sjgZqLG5iwc0vIAIvIY$>
Check out our blog<https://urldefense.com/v3/__https:/archives.nyc/blog__;!!Pe07lN5AjA!Wr1l9bSEHTj3uj3AJKWYtrL9PgIhBSdmMvuW3tcpaM__A1dCyFjczAu_P8OdyqPNm4Uyy-BrdjXpgK1N4sjgZqLG5iwc0gXMajPg$>!
This e-mail, including any attachments, may be confidential, privileged or otherwise legally protected. It is intended only for the addressee. If you received this e-mail in error or from someone who was not authorized to send it to you, do not disseminate, copy or otherwise use this e-mail or its attachments. Please notify the sender immediately by replying to this e-mail and delete the e-mail from your system.

P

Please consider the environment before printing this email."
"Wong, Ada","/o=NYCC/ou=Exchange Administrative Group (FYDIBOHF23SPDLT)/cn=Recipients/cn=4725b69fbcf4426696491e58859ff156-Wong, Ada","$$$ -  Receipt for Carnation","mei wen <days5354@aol.com>","From: mei wen <days5354@aol.com>
Sent: Thursday, May 8, 2025 9:18 AM
To: Ng, Stanley <SNg@council.nyc.gov>
Subject: [EXTERNAL] Receipt for Carnation


Invoice Paid.
Thank you for choosing SI Blossom[Inline image]


Sent from Yahoo Mail for iPhone<https://urldefense.com/v3/__https:/mail.onelink.me/107872968?pid=nativeplacement&c=Global_Acquisition_YMktg_315_Internal_EmailSignature&af_sub1=Acquisition&af_sub2=Global_YMktg&af_sub3=&af_sub4=100000604&af_sub5=EmailSignature__Static___;!!Pe07lN5AjA!TBBEXH8ozQPEDyESUpu8iTeHjq4MNTZ9CDlV1ae5h2Uu3IiMjeNqkuYCpsEkvxgJteIasGtEzjpz43EubA$>
???"
